"miejsce_id","kategoria","nazwa","wezwanie","typ","kul_ob","komentarz","wikikul_type","wikikul_id"
22011,jednostka,Boguszyno,,parafia,,,Q2,Q3575
8851,miejsce,Kępa,,wieś,,,Q2903,Q3632
22026,jednostka,Lipno,,parafia,,,Q2,Q3576
22708,jednostka,Kursko,,parafia,,,Q2,Q3587
12090,miejsce,Niemierzewo,,wieś,,,Q2903,Q3633
12759,miejsce,Osieczna,,miasto,,,Q2902,Q2962
22713,jednostka,Czarmyśl,,parafia,,,Q2,Q3588
22715,jednostka,Chycina,,parafia,,,Q2,Q3589
22725,jednostka,Langfuld,,parafia,,,Q2,Q3590
22727,jednostka,Grochowo,,parafia,,,Q2,Q3591
22728,jednostka,Pieski,,parafia,,,Q2,Q3592
22732,jednostka,Łężce Wielkie,,parafia,,,Q2,Q3593
22739,jednostka,Żarzyn,,parafia,,,Q2,Q3594
22742,jednostka,Zębsko,,parafia,,,Q2,Q3595
9781,miejsce,Krępe,,wieś,,,Q2903,Q3637
22751,jednostka,Goruńsko,,parafia,,,Q2,Q3596
22752,jednostka,Kręsko,,parafia,,,Q2,Q3597
22755,jednostka,Policko,,parafia,,,Q2,Q3598
22764,jednostka,Niałek Wielki,,parafia,,,Q2,Q3599
11520,miejsce,Miłosław,,miasto,,,Q2902,Q2963
22769,jednostka,Chełmsko,,parafia,,,Q2,Q3600
22774,jednostka,Gorzyca,,parafia,,,Q2,Q3601
22782,jednostka,Brudzewo,,parafia,,,Q2,Q3602
22789,jednostka,Bukowiec,,parafia,,,Q2,Q3603
22881,jednostka,Grodziszczko,Jan Ch,parafia,13548,,Q2,Q2966
22882,jednostka,Szamotuły,Stanisław Bp,parafia,15639,,Q2,Q2967
14631,miejsce,Rogoźno,,miasto,,,Q2902,Q2960
22884,jednostka,Opatówko,Katarzyna PM,parafia,14001,,Q2,Q2968
22885,jednostka,Tulce,NarNMP,parafia,13680,,Q2,Q2969
22886,jednostka,Iwno,Michał A,parafia,13551,,Q2,Q2970
22887,jednostka,Pruśca,"Św. Trójca, Maria Magdalena, Mateusz Ap",parafia,14016,,Q2,Q2971
22889,jednostka,Skoki,Mikołaj Bp,parafia,14025,,Q2,Q2972
17270,miejsce,Śródka,,wieś,,,Q2903,Q3642
17272,miejsce,Kalisz,,miasto,,,Q2902,Q2961
8459,miejsce,Jutrosin,,miasto,,,Q2902,Q2964
22891,jednostka,Kołaczkowo,Szymon i Juda Tadeusz AAp,parafia,13569,,Q2,Q2973
22892,jednostka,Czerlenino,WnNMP,parafia,15681,,Q2,Q2974
22893,jednostka,Pyzdry,NarNMP,parafia,13636,,Q2,Q2975
22894,jednostka,Rożnowo,Katarzyna PM,parafia,15779,,Q2,Q2976
22897,jednostka,Mosina,"Mikołaj Bp, Wawrzyniec M",parafia,15616,,Q2,Q2978
22898,jednostka,Koszuty,Katarzyna PM,parafia,13574,,Q2,Q2979
22899,jednostka,Kryrowo,"NMP, Jan Ch, Jan Ew",parafia,13585,,Q2,Q2980
22900,jednostka,Chodzież,"Mikołaj Bp, Florian M",parafia,13930,,Q2,Q2981
22901,jednostka,Połajewo,"Michał A, NMP, Andrzej Ap, Zofia",parafia,15768,,Q2,Q2982
22902,jednostka,Winna Góra,Michał A,parafia,13688,,Q2,Q2983
22903,jednostka,Łęgowo,Katarzyna PM,parafia,13986,,Q2,Q2984
21974,jednostka,Tylewice,,parafia,,,Q2,Q3565
21976,jednostka,Przewóz,,parafia,,,Q2,Q3566
21982,jednostka,Bonikowo,,parafia,,,Q2,Q3567
21984,jednostka,Głogowa,,parafia,,,Q2,Q3568
21991,jednostka,Ogrody,,parafia,,,Q2,Q3569
21995,jednostka,Przyczyna Górna,,parafia,,,Q2,Q3570
21996,jednostka,Charbielino,,parafia,,,Q2,Q3571
22001,jednostka,Cielcza,,parafia,,,Q2,Q3572
22006,jednostka,Krzon,,parafia,,,Q2,Q3574
22002,jednostka,Słupia,,parafia,,,Q2,Q3573
22015,jednostka,Żerków - św. Mikołaj,Mikołaj Bp,parafia,13800,,Q2,Q2965
22031,jednostka,Jezierzyce,,parafia,,,Q2,Q3577
22037,jednostka,Kolniczki,,parafia,,,Q2,Q3578
22059,jednostka,Grobia,,parafia,,,Q2,Q3579
22083,jednostka,Siemowo,,parafia,,,Q2,Q3581
22086,jednostka,Bojanice,,parafia,,,Q2,Q3582
22099,jednostka,Niechłód,,parafia,,,Q2,Q3583
22108,jednostka,Witosław,,parafia,,,Q2,Q3584
22904,jednostka,Poznań - św. Marcin,Marcin Bp,parafia,15630,,Q2,Q2985
22905,jednostka,Wierzenica,Mikołaj Bp,parafia,15806,,Q2,Q2986
22064,jednostka,Czesram,,parafia,,,Q2,Q3580
22906,jednostka,Gozdowo,"Filip, Jakub Mn AAp",parafia,13539,,Q2,Q2987
22907,jednostka,Tomice,Barbara PM,parafia,15799,,Q2,Q2988
22908,jednostka,Bieganowo,"PKrzyża Św, ZKrzyża Św",parafia,13498,,Q2,Q2989
22909,jednostka,Tarnowo,Wszyscy Św,parafia,15798,,Q2,Q2990
22910,jednostka,Słopanowo,Mikołaj Bp,parafia,15786,,Q2,Q2991
22911,jednostka,Nieproszewo,Wawrzyniec M,parafia,15752,,Q2,Q2992
22913,jednostka,Solec,Katarzyna PM,parafia,13661,,Q2,Q2994
22925,jednostka,Żydowo,Mikołaj Bp,parafia,15820,,Q2,Q3004
22700,jednostka,Kęsica,,parafia,,,Q2,Q3585
22704,jednostka,Templewo,,parafia,,,Q2,Q3586
22809,jednostka,Uchorowo,,parafia,,,Q2,Q3604
22821,jednostka,Nowa Wieś,,parafia,,,Q2,Q3606
4167,miejsce,Będlewo,,wieś,,,Q2903,Q3634
22827,jednostka,Radzewo,,parafia,,,Q2,Q3607
22831,jednostka,Chludowo,,parafia,,,Q2,Q3608
22851,jednostka,Ocieszyno,,parafia,,,Q2,Q3609
22859,jednostka,Kleszczewo,,parafia,,,Q2,Q3610
22811,jednostka,Śródka,,parafia,15625,,Q2,Q3611
22922,jednostka,Trzebaw,,parafia,,,Q2,Q3619
22927,jednostka,Mieczewo,,parafia,,,Q2,Q3620
22931,jednostka,Gać,,parafia,,,Q2,Q3621
22926,jednostka,Zieleniec,Mikołaj Bp,parafia,13699,,Q2,Q3005
22929,jednostka,Nekla,Andrzej Ap,parafia,13618,,Q2,Q3006
22930,jednostka,Potulice,Katarzyna PM,parafia,14014,,Q2,Q3007
21969,jednostka,Gogolewo,"Jan Ew, Stanisław Bp",parafia,15600,,Q2,Q3008
21971,jednostka,Smolice,Wojciech Bp,parafia,13658,,Q2,Q3009
21972,jednostka,Lutogniew,Św. Trójca,parafia,13604,,Q2,Q3010
21973,jednostka,Rozdrażewo,"Jan Ch, Małgorzata PM",parafia,13641,,Q2,Q3011
21977,jednostka,Pogorzel,"Michał A, Agnieszka",parafia,13631,,Q2,Q3013
21978,jednostka,Leszno,Mikołaj Bp,parafia,15608,,Q2,Q3014
21979,jednostka,Pawłowice,Mikołaj Bp,parafia,15765,,Q2,Q3015
22812,jednostka,Budziszewo,,parafia,,,Q2,Q3605
7991,miejsce,Jabłonowo,,wieś,,,Q2903,Q3635
8934,miejsce,Kikowo,,wieś,,,Q2903,Q3636
11766,miejsce,Mościejewo,,wieś,,,Q2903,Q3638
11854,miejsce,Milino,,wieś,,,Q2903,Q3639
13432,miejsce,Piotrowo,,wieś,,,Q2903,Q3640
15295,miejsce,Mitręga,,osada młyńska,,,Q3647,Q3648
15727,miejsce,Słomowo,,wieś,,,Q2903,Q3641
7975,miejsce,Izdebno,,wieś,,,Q2903,Q3643
19580,miejsce,Zaczułtowo Wielkie,,wieś,,,Q2903,Q3644
20880,miejsce,Bogusław,,wieś,,,Q2903,Q3645
21980,jednostka,Benice,"NarNMP, Mikołaj Bp",parafia,13495,,Q2,Q3016
21981,jednostka,Włościejewki,"Św. Duch, NPNMP",parafia,15812,,Q2,Q3017
21983,jednostka,Cerekwica,Jakub W Ap,parafia,13513,,Q2,Q3018
21985,jednostka,Bojanowo,Bartłomiej Ap,parafia,15593,,Q2,Q3019
21986,jednostka,Kołaczkowice,NarNMP,parafia,15718,,Q2,Q3020
21987,jednostka,Goniębice,"Mikołaj Bp, Barbara PM",parafia,15699,,Q2,Q3021
21988,jednostka,Mieszków,"Wszyscy Św, Stanisław Bp, Wawrzyniec M",parafia,13611,,Q2,Q3022
21989,jednostka,Wyskocz,Andrzej Ap,parafia,15814,,Q2,Q3023
21992,jednostka,Gołanice,Andrzej Ap,parafia,15697,,Q2,Q3025
21993,jednostka,Kościan,"WnNMP, Jan Ch, Jan Ew",parafia,15725,,Q2,Q3026
21994,jednostka,Wilkowo,Marcin Bp,parafia,15808,,Q2,Q3027
21997,jednostka,Zakrzewo,Klemens Pp,parafia,15817,,Q2,Q3028
21998,jednostka,Starygród,"OczNMP, Mateusz Ap, Maria Magdalena",parafia,13665,,Q2,Q3029
21999,jednostka,Brzostkowo,Jan Ch,parafia,13512,,Q2,Q3030
22000,jednostka,Jaraczewo,Maria Magdalena,parafia,13554,,Q2,Q3031
22003,jednostka,Oborzyska,"Wszyscy Św, Mikołaj Bp",parafia,15755,,Q2,Q3032
22004,jednostka,Iłowiec Mały,"Andrzej Ap, Dorota PM",parafia,15706,,Q2,Q3033
22005,jednostka,Zbarzewo,NarNMP,parafia,15818,,Q2,Q3034
22007,jednostka,Jutrosin,"WnNMP, Katarzyna PM",parafia,13558,,Q2,Q3035
22008,jednostka,Rąbino,Piotr i Paweł AAp,parafia,15776,,Q2,Q3036
22009,jednostka,Raszkowo,"ZKrzyża Św, NPNMP",parafia,13639,,Q2,Q3037
22010,jednostka,Kąkolewo,Wszyscy Św,parafia,15713,,Q2,Q3038
22012,jednostka,Jeżewo,Wszyscy Św,parafia,15708,,Q2,Q3039
22013,jednostka,Słaboszewo,Zofia M,parafia,13655,,Q2,Q3040
22014,jednostka,Gostyń Stary,Marcin Bp,parafia,15602,,Q2,Q3041
22016,jednostka,Wielawieś,Wszyscy Św,parafia,13686,,Q2,Q3042
22017,jednostka,Śrem,WnNMP,parafia,15646,,Q2,Q3043
22018,jednostka,Jarocin,Marcin Bp,parafia,13555,,Q2,Q3044
22019,jednostka,Pakosław,Walenty M,parafia,15761,,Q2,Q3045
22020,jednostka,Głuchowo,Katarzyna PM,parafia,15694,,Q2,Q3046
22022,jednostka,Panienka,Wojciech Bp,parafia,15762,,Q2,Q3048
22023,jednostka,Poniec,NarNMP,parafia,15769,,Q2,Q3049
22024,jednostka,Potarzyca,"Jan Ch, Dorota PM",parafia,13634,,Q2,Q3050
22025,jednostka,Łysina,Wszyscy Św,parafia,15742,,Q2,Q3051
22027,jednostka,Wieszczyczyno,"Maria Magdalena, Roch W",parafia,15653,,Q2,Q3052
22028,jednostka,Wysocko Wielkie,"PKrzyża Św, Mikołaj Bp, Agnieszka PM",parafia,13692,,Q2,Q3053
22029,jednostka,Niepart,Piotr i Paweł AAp,parafia,15751,,Q2,Q3054
22030,jednostka,Krobia,Mikołaj Bp,parafia,15726,,Q2,Q3055
22032,jednostka,Dębowa Łęka,Jadwiga Wd,parafia,15686,,Q2,Q3056
22033,jednostka,Borek,Stanisław Bp,parafia,13503,,Q2,Q3057
22034,jednostka,Radomicko,Jan Ch,parafia,15773,,Q2,Q3058
22035,jednostka,Włoszakowice,Św. Trójca,parafia,15811,,Q2,Q3059
22036,jednostka,Błociszewo,Michał A,parafia,15592,,Q2,Q3060
22038,jednostka,Skoroszewice,Katarzyna PM,parafia,15783,,Q2,Q3061
22039,jednostka,Bukowiec Wielki,Marcin Bp,parafia,15670,,Q2,Q3062
22040,jednostka,Strzelce Wielkie,Marcin Bp,parafia,15645,,Q2,Q3063
22041,jednostka,Lutynia,WnNMP,parafia,13605,,Q2,Q3064
22043,jednostka,Długie Stare,Marcin Bp,parafia,15688,,Q2,Q3066
22044,jednostka,Wschowa,Stanisław Bp,parafia,15656,,Q2,Q3067
22045,jednostka,Golina,Andrzej Ap,parafia,13534,,Q2,Q3068
22046,jednostka,Góra,WnNMP,parafia,13541,,Q2,Q3069
22047,jednostka,Gryżyna,Barbara PM,parafia,15705,,Q2,Q3070
22048,jednostka,Górka,"Mikołaj Bp, Maria Magdalena",parafia,15613,,Q2,Q3071
22049,jednostka,Sarnowo,Andrzej Ap,parafia,15640,,Q2,Q3072
22050,jednostka,Brenno,Jadwiga Wd,parafia,15665,,Q2,Q3073
22051,jednostka,Oporowo,"NPNMP, Stanisław Bp, Jadwiga Wd, Katarzyna",parafia,15757,,Q2,Q3074
22053,jednostka,Chorynia,Wszyscy Św,parafia,15676,,Q2,Q3076
22054,jednostka,Lgowo,NarNMP,parafia,13597,,Q2,Q3077
22055,jednostka,Przemęt,"Piotr i Paweł, Andrzej AAp",parafia,15771,,Q2,Q3078
22056,jednostka,Osieczna,"Św. Trójca, Wawrzyniec M",parafia,15621,,Q2,Q3079
22057,jednostka,Śmigiel,"WnNMP, Jan Ch",parafia,15648,,Q2,Q3080
22058,jednostka,Drzeczkowo,"WnNMP, Bartłomiej Ap, Wojciech Bp",parafia,15692,,Q2,Q3081
22060,jednostka,Witaszyce,Św. Trójca,parafia,13689,,Q2,Q3082
22061,jednostka,Czacz,Michał A,parafia,15680,,Q2,Q3083
22062,jednostka,Górka Mnisza,Michał A,parafia,15703,,Q2,Q3084
22063,jednostka,Rydzyna,Stanisław Bp,parafia,15638,,Q2,Q3085
22065,jednostka,Wilkowyja,"Wojciech Bp, Jadwiga Wd",parafia,13687,,Q2,Q3086
22066,jednostka,Dębno,WnNMP,parafia,13523,,Q2,Q3087
22067,jednostka,Krzywiń,"Mikołaj Bp, Katarzyna PM",parafia,15728,,Q2,Q3088
22068,jednostka,Nowe Miasto,Św. Trójca,parafia,13621,,Q2,Q3089
22069,jednostka,Żabno,Trzej Królowie,parafia,15658,,Q2,Q3090
22070,jednostka,Bieździadowo,"Maciej, Mateusz AAp",parafia,13499,,Q2,Q3091
22071,jednostka,Święciechów,Jakub W Ap,parafia,15797,,Q2,Q3092
22072,jednostka,Brodnica,Katarzyna PM,parafia,15666,,Q2,Q3093
22073,jednostka,Stary Klasztor,Wojciech Bp,parafia,15711,,Q2,Q3094
22074,jednostka,Odalanów,Marcin Bp,parafia,13623,,Q2,Q3095
22075,jednostka,Dolsko,Michał A,parafia,15599,,Q2,Q3096
22076,jednostka,Mokronos,Andrzej Ap,parafia,13614,,Q2,Q3097
22877,jednostka,Głęboczek,,parafia,,,Q2,Q3612
22878,jednostka,Kępa Mała,,parafia,,,Q2,Q3613
22880,jednostka,Drożyn,,parafia,,,Q2,Q3614
22883,jednostka,Szamotuły Stare,,parafia,,,Q2,Q3615
22890,jednostka,Głuszyna,,parafia,,,Q2,Q3616
22896,jednostka,Gorazdowo,,parafia,,,Q2,Q3617
22916,jednostka,Mikuszewo,,parafia,,,Q2,Q3618
22101,jednostka,Żerków - św. Stanisław,"Stanisław Bp, Franciszek z A",parafia,13702,,Q2,Q3117
22077,jednostka,Osowa Sień,"Fabian, Sebastian MM",parafia,15758,,Q2,Q3098
22078,jednostka,Lubiń,Leonard O,parafia,15734,,Q2,Q3099
22079,jednostka,Mórkowo,"Jan Ch, Wszyscy Św",parafia,15747,,Q2,Q3100
22080,jednostka,Dobrzyca,"ZKrzyża Św, Katarzyna PM",parafia,13528,,Q2,Q3101
22081,jednostka,Czempiń,"Michał A, Maria Magdalena",parafia,15597,,Q2,Q3102
22082,jednostka,Żytowiecko,Wawrzyniec M,parafia,15821,,Q2,Q3103
22088,jednostka,Czerwony Kościół,Idzi O,parafia,15682,,Q2,Q3105
22090,jednostka,Ostrów,"WnNMP, NMP, Stanisław Bp, Andrzej Ap, Dorota PM",parafia,13627,,Q2,Q3107
22091,jednostka,Domachowo,"Św. Krzyż, Michał A",parafia,15690,,Q2,Q3108
22092,jednostka,Borzęcice,"NarNMP, Wojciech, Stanisław BBp",parafia,13505,,Q2,Q3109
22093,jednostka,Lgiń,Bartłomiej Ap,parafia,15732,,Q2,Q3110
22094,jednostka,Dalewo,"Wojciech, Stanisław BBp",parafia,15684,,Q2,Q3111
22095,jednostka,Siedlimin,Mikołaj Bp,parafia,13651,,Q2,Q3112
22096,jednostka,Jaszkowo,Św. Trójca,parafia,15707,,Q2,Q3113
22097,jednostka,Woniesiecz,Wawrzyniec M,parafia,15813,,Q2,Q3114
22098,jednostka,Jankowo,"Wojciech Bp, Mateusz Ap",parafia,13553,,Q2,Q3115
22100,jednostka,Pogorzelica,Wojciech Bp,parafia,13632,,Q2,Q3116
22102,jednostka,Krzycko Małe,NMPŚ,parafia,15727,,Q2,Q3118
22103,jednostka,Świerczyna,Łukasz Ew,parafia,15796,,Q2,Q3119
22104,jednostka,Mchy,Marcin Bp,parafia,15744,,Q2,Q3120
22105,jednostka,Noskowo,"Św. Trójca, Wszyscy Św",parafia,13620,,Q2,Q3121
21990,jednostka,Białcz,"Anna, Wszyscy Św",parafia,15660,,Q2,Q3024
22895,jednostka,Kiekrz,"WnNMP, Michał A",parafia,15716,,Q2,Q2977
22912,jednostka,Wieleń,"WnNMP, Michał A",parafia,15803,,Q2,Q2993
22924,jednostka,Grabowo,Jadwiga Wd,parafia,13545,,Q2,Q3003
22021,jednostka,Morka,Wszyscy Św,parafia,15748,,Q2,Q3047
22042,jednostka,Dupino,Mikołaj Bp,parafia,15605,,Q2,Q3065
22052,jednostka,Pępowo Małe,"Jadwiga Wd, Andrzej Ap",parafia,15766,,Q2,Q3075
22087,jednostka,Pogrzybowo,Katarzyna PM,parafia,13633,,Q2,Q3104
22089,jednostka,Koźmin,"WnNMP, Wawrzyniec M",parafia,13581,,Q2,Q3106
22106,jednostka,Kunowo,Andrzej Ap,parafia,15730,,Q2,Q3122
22107,jednostka,Konary,Michał A,parafia,15720,,Q2,Q3123
22109,jednostka,Gołaszyno,Michał A,parafia,15601,,Q2,Q3124
22110,jednostka,Skaradowo,Marcin Bp,parafia,15794,,Q2,Q3125
22111,jednostka,Chwałkowo,Michał A,parafia,15678,,Q2,Q3126
22112,jednostka,Książ,"WnNMP, Mikołaj Bp",parafia,15729,,Q2,Q3127
22113,jednostka,Gostyń,Małgorzata PM,parafia,15701,,Q2,Q3128
22114,jednostka,Łaszczyno,Marcin Bp,parafia,15611,,Q2,Q3129
22699,jednostka,Prochy,Mikołaj Bp,parafia,15770,,Q2,Q3130
22701,jednostka,Kiebłów,Bartłomiej Ap,parafia,15714,,Q2,Q3131
22702,jednostka,Kamieniec,Wawrzyniec M,parafia,15710,,Q2,Q3132
22703,jednostka,Wielichowo,Wszyscy Św,parafia,15804,,Q2,Q3133
22709,jednostka,Kaława,Mikołaj Bp,parafia,15709,,Q2,Q3135
22710,jednostka,Siedlec,Michał A,parafia,15781,,Q2,Q3136
22711,jednostka,Międzyrzecz,Jan Ch,parafia,15615,,Q2,Q3137
22712,jednostka,Kosiczyno,Szymon i Juda Tadeusz AAp,parafia,15723,,Q2,Q3138
22716,jednostka,Zielęcino,Klemens Pp,parafia,15819,,Q2,Q3139
22717,jednostka,Parzęczewo,Michał A,parafia,15764,,Q2,Q3140
22718,jednostka,Wolsztyn,"WnNMP, Piotr i Paweł AAp",parafia,15654,,Q2,Q3141
22719,jednostka,Brody,"Andrzej Ap, Maria Magdalena",parafia,15594,,Q2,Q3142
22720,jednostka,Skwierzyna,Mikołaj Bp,parafia,15643,,Q2,Q3143
22721,jednostka,Lwówek,"Jan Ch, Jan Ew",parafia,15610,,Q2,Q3144
22722,jednostka,Konojad,"Andrzej Ap, Małgorzata PM",parafia,15721,,Q2,Q3145
22726,jednostka,Gnino,Jan Ch,parafia,15695,,Q2,Q3146
22729,jednostka,Michorzewo Mokre,Wszyscy Św,parafia,15745,,Q2,Q3147
22733,jednostka,Buk,"WnNMP, Piotr i Paweł AAp, Stanisław Bp",parafia,15669,,Q2,Q3148
22734,jednostka,Duszniki,Marcin Bp,parafia,15693,,Q2,Q3149
22737,jednostka,Stary Dwór,Wawrzyniec M,parafia,15792,,Q2,Q3151
22740,jednostka,Kwilcz,Michał A,parafia,15731,,Q2,Q3152
22741,jednostka,Bytyń,"NMP, Wszyscy Św",parafia,15595,,Q2,Q3153
22743,jednostka,Łęki Wielkie,"Jakub W Ap, Katarzyna PM",parafia,15739,,Q2,Q3154
22744,jednostka,Przetoczno,Św. Trójca,parafia,15633,,Q2,Q3155
22745,jednostka,Dąbrówka,"NPNMP, Jakub W Ap",parafia,15685,,Q2,Q3156
22746,jednostka,Babimost,"Jacek W, Wawrzyniec M",parafia,15591,,Q2,Q3157
22747,jednostka,Zajączkowo,Michał A,parafia,15816,,Q2,Q3158
22750,jednostka,Wytomyśl,Michał A,parafia,15815,,Q2,Q3159
22753,jednostka,Ostroróg,WnNMP,parafia,15759,,Q2,Q3160
22754,jednostka,Wilczyna,Jadwiga Wd,parafia,15807,,Q2,Q3161
22756,jednostka,Rakoniewice,Marcin Bp,parafia,15775,,Q2,Q3162
22757,jednostka,Chociszewo,Jan Ch,parafia,15674,,Q2,Q3163
22758,jednostka,Biezdrowo,"Św. Krzyż, Mikołaj Bp",parafia,15662,,Q2,Q3164
22759,jednostka,Chrzypsko Wielkie,"Wojciech, Stanisław BBp",parafia,15677,,Q2,Q3165
22760,jednostka,Bledzew,Katarzyna PM,parafia,15663,,Q2,Q3166
22761,jednostka,Bukowiec Mały,Marcin Bp,parafia,15671,,Q2,Q3167
22762,jednostka,Opalenica,Mateusz Ap,parafia,15620,,Q2,Q3168
22763,jednostka,Pczew,Maria Magdalena,parafia,15634,,Q2,Q3169
22765,jednostka,Pniewy,Wawrzyniec M,parafia,15624,,Q2,Q3170
22766,jednostka,Dokowo Mokre,Katarzyna PM,parafia,15683,,Q2,Q3171
22767,jednostka,Ceradz Stary,Stanisław Bp,parafia,15672,,Q2,Q3172
22768,jednostka,Wronki,Katarzyna PM,parafia,15655,,Q2,Q3173
22770,jednostka,Kamiona,NarNMP,parafia,15606,,Q2,Q3174
22771,jednostka,Lewice,Mikołaj Bp,parafia,15609,,Q2,Q3175
22772,jednostka,Międzychód,"Jan Ch, Andrzej Ap, Elżbieta Wd",parafia,15614,,Q2,Q3176
22773,jednostka,Trzciel,Wojciech Bp,parafia,15650,,Q2,Q3177
22775,jednostka,Rokitno,Wszyscy Św,parafia,15778,,Q2,Q3178
22777,jednostka,Lubosz,"NawNMP, Bartłomiej Ap",parafia,15735,,Q2,Q3179
22778,jednostka,Zbąszyń,"WnNMP, Stanisław Bp",parafia,15657,,Q2,Q3180
22779,jednostka,Psarskie,WnNMP,parafia,15772,,Q2,Q3181
22780,jednostka,Ruchocice,Urszula PM,parafia,15780,,Q2,Q3182
22783,jednostka,Lutomie,Andrzej Ap,parafia,15738,,Q2,Q3184
22785,jednostka,Wierzbno,"WnNMP, Mikołaj Bp",parafia,15805,,Q2,Q3185
22786,jednostka,Otorowo,Wszyscy Św,parafia,15622,,Q2,Q3186
22787,jednostka,Kopanica,"WnNMP, Mateusz Ap",parafia,15722,,Q2,Q3187
22788,jednostka,Sieraków,Wszyscy Św,parafia,15641,,Q2,Q3188
22801,jednostka,Rogalinko,Michał A,parafia,15777,,Q2,Q3189
22803,jednostka,Mądre,Jadwiga Wd,parafia,13608,,Q2,Q3191
22804,jednostka,Objezierze,Bartłomiej Ap,parafia,15754,,Q2,Q3192
22805,jednostka,Kiszewo,Anna,parafia,15717,,Q2,Q3193
22806,jednostka,Romiejewice,Stanisław Bp,parafia,13642,,Q2,Q3194
22807,jednostka,Ludomie,Wszyscy Św,parafia,15736,,Q2,Q3195
22808,jednostka,Piła,Jan Ch,parafia,15623,,Q2,Q3196
22810,jednostka,Lechnino,Stanisław Bp,parafia,13982,,Q2,Q3197
22813,jednostka,Boruszyno,Andrzej Ap,parafia,15664,,Q2,Q3198
22814,jednostka,Poznań - św. Wojciech,Wojciech Bp,parafia,15629,,Q2,Q3199
22815,jednostka,Wiry Wielkie,Florian M,parafia,15810,,Q2,Q3200
22816,jednostka,Niezamyśl,"WnNMP, Mikołaj Bp",parafia,13695,,Q2,Q3201
22818,jednostka,Słomowo,WnNMP,parafia,15785,,Q2,Q3202
22819,jednostka,Oborniki,WnNMP,parafia,15618,,Q2,Q3203
22820,jednostka,Rogoźno,"Wit, Modest MM, Krescencja PM, NPNMP",parafia,15636,,Q2,Q3204
22822,jednostka,Czarnków,Maria Magdalena,parafia,15596,,Q2,Q3205
22838,jednostka,Cerkwica,"Wojciech Bp, Katarzyna PM",parafia,15673,,Q2,Q3217
22839,jednostka,Sobota,NarNMP,parafia,15789,,Q2,Q3218
22840,jednostka,Słupia,Wszyscy Św,parafia,15787,,Q2,Q3219
22842,jednostka,Stęszew,Św. Trójca,parafia,15644,,Q2,Q3220
22844,jednostka,Giecz,WnNMP,parafia,13531,,Q2,Q3222
22845,jednostka,Kostrzyn,Piotr i Paweł AAp,parafia,15724,,Q2,Q3223
22846,jednostka,Konarzewo,"Marcin Bp, Piotr wO",parafia,15607,,Q2,Q3224
22847,jednostka,Stobnica,WnNMP,parafia,15793,,Q2,Q3225
22849,jednostka,Kazimierz,NarNMP,parafia,15712,,Q2,Q3226
22850,jednostka,Ryczywół,Mikołaj Bp,parafia,15637,,Q2,Q3227
22852,jednostka,Śmieciska,Marcin Bp,parafia,13675,,Q2,Q3228
22853,jednostka,Siekierki Wielkie,Jadwiga Wd,parafia,15782,,Q2,Q3229
22854,jednostka,Nietrzanowo,Wszyscy Św,parafia,13619,,Q2,Q3230
22855,jednostka,Kaczanowo,Marcin Bp,parafia,13559,,Q2,Q3231
22856,jednostka,Sokolniki,Jakub W Ap,parafia,13660,,Q2,Q3232
22857,jednostka,Margonin,Wojciech Bp,parafia,13990,,Q2,Q3233
22858,jednostka,Łukowo,Michał A,parafia,15741,,Q2,Q3234
22860,jednostka,Komorniki,Andrzej Ap,parafia,15719,,Q2,Q3235
22862,jednostka,Wszeborz,Mikołaj Bp,parafia,13690,,Q2,Q3236
22863,jednostka,Ujście,Mikołaj Bp,parafia,15801,,Q2,Q3237
22864,jednostka,Miłosław,Jakub W Ap,parafia,13612,,Q2,Q3238
22866,jednostka,Kicina,Józef OblNMP,parafia,15715,,Q2,Q3239
22867,jednostka,Biechowo,NawNMP,parafia,13497,,Q2,Q3240
22868,jednostka,Dupiewo,Mikołaj Bp,parafia,15691,,Q2,Q3241
22869,jednostka,Swarządz,Marcin Bp,parafia,15647,,Q2,Q3242
22870,jednostka,Goślina Długa,Maria Magdalena,parafia,15687,,Q2,Q3243
22871,jednostka,Bardo,Jan Ch,parafia,13493,,Q2,Q3244
22872,jednostka,Poznań - św. Maria Magdalena,"NMP, Maria Magdalena",parafia,15626,,Q2,Q3245
22873,jednostka,Murzynowo Kościelne,Jan Ch,parafia,13616,,Q2,Q3246
22875,jednostka,Biała,Wszyscy Św,parafia,15659,,Q2,Q3248
22876,jednostka,Parkowo,Małgorzata PM,parafia,15763,,Q2,Q3249
22879,jednostka,Bagrowo,Katarzyna PM,parafia,13492,,Q2,Q3250
24016,jednostka,Borówko,,parafia,15829,W XVI wieku parafia w stanie upadku; w XVIII wieku jako świątynia pomocnicza parafii Czempiń,Q2,Q3627
24055,obiekt,Grodzisko,Św. Duch,kościół szpitalny,15875,,Q2909,Q3662
24056,obiekt,Poznań,Barbara,kościół filialny,15957,,Q2906,Q3668
22914,jednostka,Lubasz,Wawrzyniec M,parafia,15733,,Q2,Q2995
22915,jednostka,Gułtowo,"Wit M, Dorota PM, Kazimierz Królewicz",parafia,13549,,Q2,Q2996
22917,jednostka,Siedlec,Mikołaj Bp,parafia,13650,,Q2,Q2997
22918,jednostka,Chojnica,Ścięcie Jana Ch,parafia,15675,,Q2,Q2998
22919,jednostka,Modrze,Idzi O,parafia,15746,,Q2,Q2999
22920,jednostka,Urzazowo,Michał A,parafia,15802,,Q2,Q3000
22923,jednostka,Granowo,Marcin Bp,parafia,15704,,Q2,Q3002
22921,jednostka,Bnin,"Wojciech Bp, Jadwiga Wd",parafia,13502,,Q2,Q3001
22705,jednostka,Ptaszkowo Wielkie,Piotr wO,parafia,15635,,Q2,Q3134
21975,jednostka,Gołębino,WnNMP,parafia,15698,,Q2,Q3012
22736,jednostka,Falkwald,"WnNMP, Marcin Bp",parafia,15790,,Q2,Q3150
22781,jednostka,Grodzisko,Jadwiga Wd,parafia,15603,,Q2,Q3183
22802,jednostka,Radzim,Mikołaj Bp,parafia,15774,,Q2,Q3190
22843,jednostka,Ciążym,"Jan Ch, Wojciech, Stanisław BBp",parafia,13517,,Q2,Q3221
23880,jednostka,Poznań,,dekanat,,,Q4,Q2910
23884,jednostka,Międzyrzecz,,dekanat,,,Q4,Q2911
23900,jednostka,Śrem,,dekanat,,,Q4,Q2912
23901,jednostka,Oborniki,,dekanat,,,Q4,Q2913
23924,jednostka,Kościan,,dekanat,,,Q4,Q2914
23931,jednostka,Grodzisk,,dekanat,,,Q4,Q2915
23949,jednostka,Wronki,,dekanat,,,Q4,Q2916
23950,jednostka,Pyzdry,,dekanat,,,Q4,Q2917
22874,jednostka,Owieńska,Mikołaj Bp,parafia,15760,,Q2,Q3247
23975,jednostka,Wschowa,,dekanat,,,Q4,Q2918
23985,jednostka,Stęszew,,dekanat,,,Q4,Q2919
23990,jednostka,Nowe Miasto,,dekanat,,,Q4,Q2920
24000,obiekt,Pyzdry,Św. Duch,kościół filialny,13785,,Q2906,Q2928
24001,obiekt,Oborniki,Św. Duch,kościół filialny,15937,,Q2906,Q2929
24002,obiekt,Rogoźno,Św. Duch,kościół filialny,15973,,Q2906,Q2930
24003,obiekt,Szamotuły,Św. Duch,kościół filialny,15998,,Q2906,Q2931
24006,obiekt,Chodzież,Św. Trójca,kościół filialny,14062,,Q2906,Q2932
24029,obiekt,Lwówek,"Katarzyna, Jakub",kościół filialny,,W XVIII wieku nie istnieje. Losy tego kościoła nie są bliżej znane.,Q2906,Q2933
24031,obiekt,Lwówek,Św. Trójca,kościół szpitalny,15913,W XVIII wieku zapewne jako kościół Św. Ducha.,Q2909,Q2945
24032,obiekt,Pniewy,Św. Duch,kościół szpitalny,15949,,Q2909,Q2946
24007,obiekt,Stęszew,Św. Duch,kościół szpitalny,15994,Następcą kościoła szpitalnego Św. Ducha był kościół św. Anny (15994),Q2909,Q2947
24008,obiekt,Krobia,,kościół szpitalny,15901,,Q2909,Q2953
24009,obiekt,Poniec,,kościół szpitalny,15953,,Q2909,Q2954
24010,obiekt,Sobiałkowo,,kościół filialny,15990,,Q2906,Q2940
24011,obiekt,Dolsk,Św. Duch,kościół szpitalny,15858,,Q2909,Q2948
24012,jednostka,Trzebosz,,parafia,676,W XVIII wieku parafia ewangelicka.,Q2,Q3623
24013,obiekt,Kościan,Św. Duch,kościół szpitalny,15896,Identyfikacja obiektu wątpliwa.,Q2909,Q2949
24015,obiekt,Osieczna,,kościół szpitalny,15943,Identyfikacja obiektu wątpliwa.,Q2909,Q2955
24033,miejsce,Trzciel,,folwark,,,Q2901,Q2921
24034,jednostka,Borszyn,,parafia,,"W XVIII wieku nie istnieje, upadł w czasie reformacji; parafia połączona z parafią Żarzyn.",Q2,Q3624
24018,obiekt,Siekowo,,kaplica,,,Q2905,Q2922
24019,obiekt,Koźmin,Św. Duch,kościół szpitalny,13774,,Q2909,Q2950
24035,jednostka,Osiecko,,parafia,15942,W XVIII wieku kościół filialny.,Q2,Q3625
24020,obiekt,Jarocin,,kościół szpitalny,13756,Identyfikacja obiektu wątpliwa. Chodzi zapewne o kościół szpitalny Św. Ducha.,Q2909,Q2956
24036,jednostka,Nowa Wieś,,parafia,15935,W XVIII wieku kościół filialny.,Q2,Q3626
24037,obiekt,Kostrzyń,,kościół szpitalny,15895,,Q2909,Q2957
24017,jednostka,Przemęt,Św. Duch,parafia,15967,Identyfikacja obiektu wątpliwa. Chodzi zapewne o parafię św. Piotra.,Q2,Q3251
24038,obiekt,Środa,,kościół kolegiacki,13676,,Q2908,Q2944
24022,obiekt,Wschowa,Boże Ciało,kościół filialny,,,Q2906,Q2936
24023,jednostka,Sława,,parafia,1317,Parafia na Śląsku.,Q2,Q3629
24024,jednostka,Lasocice,,parafia,15906,W XVIII wieku kościół filialny.,Q2,Q3630
24026,jednostka,Przeprostynia,,parafia,15969,W XVIII wieku: Przyprostynia; parafia połączona z parafią Zbąszyń,Q2,Q3622
24027,obiekt,Zbąszyń,,kościół szpitalny,,W XVIII wieku nie istnieje. Losy tego kościoła nie są bliżej znane.,Q2909,Q2959
24028,jednostka,Kolsko,,parafia,1040,W II połowie XVIII w. w diecezji wrocławskiej.,Q2,Q3631
24048,obiekt,Poznań,Mikołaj,kościół kolegiacki,15627,,Q2908,Q2942
24049,obiekt,Poznań,Stanisław,kościół filialny,23261,"Nowacki, s. 653.",Q2906,Q2937
24040,obiekt,Lubiń,,klasztor,,,Q2904,Q2923
24021,jednostka,Dąbrowa,,parafia,,W XVI wieku parafia w stanie upadku. Brak lokalizacji  - osada opustoszała.,Q2,Q3628
24025,obiekt,Kiebłów,,kościół szpitalny,,W XVIII wieku nie istnieje.,Q2909,Q2958
24041,obiekt,Przemęt,,klasztor,,,Q2904,Q2924
24042,obiekt,Obra,,klasztor,,,Q2904,Q2925
24043,obiekt,Bledzew,,klasztor,,,Q2904,Q2926
24044,obiekt,Paradyż,,klasztor,,,Q2904,Q2927
24045,obiekt,Poznań,,kościół katedralny,15628,,Q2907,Q2941
24047,obiekt,Poznań,NMP (in Summo),kościół kolegiacki,15955,,Q2908,Q2943
24050,obiekt,Poznań,Wszyscy Św.,kościół filialny,15960,,Q2906,Q2938
24051,obiekt,Poznań,Gertruda,kościół filialny,,"Nowacki, s. 652; w XVIII wieku nie istnieje",Q2906,Q2939
24052,obiekt,Poznań,Św. Krzyż,kościół szpitalny,15961,,Q2909,Q2951
24053,obiekt,Poznań,Św. Duch,kościół szpitalny,15964,,Q2909,Q2952
22823,jednostka,Łodzia,"Maciej Ap, Jadwiga Wd",parafia,15740,,Q2,Q3206
22824,jednostka,Milesna Górka,Michał A,parafia,13677,,Q2,Q3207
22825,jednostka,Białężyno,Marcin Bp,parafia,15661,,Q2,Q3208
22826,jednostka,Goślina Kościelna,Jakub W Ap,parafia,15617,,Q2,Q3209
22828,jednostka,Lusowo,"Jakub W Ap, Jadwiga Wd",parafia,15737,,Q2,Q3210
22829,jednostka,Obrzycko,Piotr i Paweł AAp,parafia,15619,,Q2,Q3211
22830,jednostka,Spławie,Andrzej Ap,parafia,15791,,Q2,Q3212
22832,jednostka,Skórzewo,"Marcin Bp, Wincenty M",parafia,15642,,Q2,Q3213
22833,jednostka,Czeszewo,Mikołaj Bp,parafia,13520,,Q2,Q3214
22835,jednostka,Szamarzewo,Michał A,parafia,13649,,Q2,Q3215
22836,jednostka,Mączniki,"OczNMP, Wawrzyniec M",parafia,13607,,Q2,Q3216
24014,obiekt,Kościan,Boże Ciało,kościół filialny,,Zniszczony w XVII wieku.,Q2906,Q2934
24030,obiekt,Lwówek,Barbara,kościół filialny,,W XVIII wieku nie istnieje. Losy tego kościoła nie są bliżej znane.,Q2906,Q2935
24054,jednostka,Morawsko,,parafia,26500,"Parafia średniowieczna, złączona przez 1507 r. z parafią chojnicką",Q2,Q3564
